seed,method,condition,alpha,auc_roc,f1_minority,avg_precision,precision,recall,accuracy
42,Baseline,real_only,0.0,0.7476691729323308,0.0,0.0147402353257353,0.0,0.0,0.996
42,GaussianCopula,augmented,0.1,0.8775438596491228,0.0,0.0152312771480027,0.0,0.0,0.9965
42,GaussianCopula,augmented,0.2,0.8821553884711778,0.0,0.0129750218363704,0.0,0.0,0.995
42,GaussianCopula,augmented,0.3,0.7404010025062656,0.0,0.0119651914660137,0.0,0.0,0.9965
42,GaussianCopula,augmented,0.5,0.7514786967418546,0.0,0.0123312748479353,0.0,0.0,0.996
42,GaussianCopula,augmented,1.0,0.8606516290726818,0.0,0.0103217739808231,0.0,0.0,0.996
42,CTGAN,augmented,0.1,0.9078696741854636,0.0,0.0420686687837279,0.0,0.0,0.996
42,CTGAN,augmented,0.2,0.9037092731829574,0.0,0.0271344898616381,0.0,0.0,0.9945
42,CTGAN,augmented,0.3,0.920501253132832,0.0,0.0331264827089876,0.0,0.0,0.9955
42,CTGAN,augmented,0.5,0.8938847117794487,0.25,0.0810784176688103,0.3333333333333333,0.2,0.997
42,CTGAN,augmented,1.0,0.9278195488721804,0.0,0.0277430474152538,0.0,0.0,0.9945
42,SMOTE,augmented,0.1,0.898546365914787,0.1818181818181818,0.0606842583379662,0.1666666666666666,0.2,0.9955
42,SMOTE,augmented,0.2,0.9252631578947368,0.1818181818181818,0.0824942998272225,0.1666666666666666,0.2,0.9955
42,SMOTE,augmented,0.3,0.9340350877192982,0.1333333333333333,0.0677500666228436,0.1,0.2,0.9935
42,SMOTE,augmented,0.5,0.9324310776942356,0.1333333333333333,0.0664949379075542,0.1,0.2,0.9935
42,SMOTE,augmented,1.0,0.9081704260651632,0.1111111111111111,0.0547033999576768,0.0769230769230769,0.2,0.992
123,Baseline,real_only,0.0,0.979020394516884,0.4,0.3814922060476096,0.5,0.3333333333333333,0.997
123,GaussianCopula,augmented,0.1,0.8122701437646274,0.2222222222222222,0.2083559356658519,0.3333333333333333,0.1666666666666666,0.9965
123,GaussianCopula,augmented,0.2,0.9831995987963892,0.4,0.2543485078548612,0.5,0.3333333333333333,0.997
123,GaussianCopula,augmented,0.3,0.8116014710799064,0.1666666666666666,0.2383258982795595,0.1666666666666666,0.1666666666666666,0.995
123,GaussianCopula,augmented,0.5,0.9856235372785024,0.2666666666666666,0.3968841717288922,0.2222222222222222,0.3333333333333333,0.9945
123,GaussianCopula,augmented,1.0,0.9848712805081912,0.4444444444444444,0.3973772414948885,0.6666666666666666,0.3333333333333333,0.9975
123,CTGAN,augmented,0.1,0.9867101303911736,0.3333333333333333,0.3258483442446872,0.3333333333333333,0.3333333333333333,0.996
123,CTGAN,augmented,0.2,0.9868772985623536,0.2222222222222222,0.1918969570191628,0.3333333333333333,0.1666666666666666,0.9965
123,CTGAN,augmented,0.3,0.9824473420260784,0.1666666666666666,0.1425510562496863,0.1666666666666666,0.1666666666666666,0.995
123,CTGAN,augmented,0.5,0.9826980942828484,0.1428571428571428,0.1281423847215158,0.125,0.1666666666666666,0.994
123,CTGAN,augmented,1.0,0.9843697759946506,0.2666666666666666,0.1713797595134,0.2222222222222222,0.3333333333333333,0.9945
123,SMOTE,augmented,0.1,0.980692076228686,0.2666666666666666,0.2690519087970976,0.2222222222222222,0.3333333333333333,0.9945
123,SMOTE,augmented,0.2,0.977432296890672,0.3529411764705882,0.3219828436935126,0.2727272727272727,0.5,0.9945
123,SMOTE,augmented,0.3,0.9717485790705448,0.2105263157894736,0.2674264802213985,0.1538461538461538,0.3333333333333333,0.9925
123,SMOTE,augmented,0.5,0.9827816783684388,0.2222222222222222,0.3229678519312665,0.1428571428571428,0.5,0.9895
123,SMOTE,augmented,1.0,0.9792711467736542,0.1714285714285714,0.3543634481886287,0.1034482758620689,0.5,0.9855
7,Baseline,real_only,0.0,0.965354396522902,0.3076923076923077,0.2866824906119212,0.2857142857142857,0.3333333333333333,0.9955
7,GaussianCopula,augmented,0.1,0.9716649949849548,0.3333333333333333,0.2497834062782042,0.3333333333333333,0.3333333333333333,0.996
7,GaussianCopula,augmented,0.2,0.9599632230023404,0.3076923076923077,0.2319319523535679,0.2857142857142857,0.3333333333333333,0.9955
7,GaussianCopula,augmented,0.3,0.969241056502842,0.2857142857142857,0.1702386576004851,0.25,0.3333333333333333,0.995
7,GaussianCopula,augmented,0.5,0.9574139083918424,0.2666666666666666,0.2241418620224464,0.2222222222222222,0.3333333333333333,0.9945
7,GaussianCopula,augmented,1.0,0.9627214978268136,0.2352941176470588,0.158001682839409,0.1818181818181818,0.3333333333333333,0.9935
7,CTGAN,augmented,0.1,0.9793547308592444,0.0,0.2169506983531374,0.0,0.0,0.996
7,CTGAN,augmented,0.2,0.991349047141424,0.4,0.4720319634703196,0.5,0.3333333333333333,0.997
7,CTGAN,augmented,0.3,0.988799732530926,0.1818181818181818,0.2241582491582491,0.2,0.1666666666666666,0.9955
7,CTGAN,augmented,0.5,0.9874623871614844,0.1818181818181818,0.2112564861454983,0.2,0.1666666666666666,0.9955
7,CTGAN,augmented,1.0,0.9865429622199932,0.2666666666666666,0.1599778753229267,0.2222222222222222,0.3333333333333333,0.9945
7,SMOTE,augmented,0.1,0.9804413239719156,0.3529411764705882,0.3708333333333333,0.2727272727272727,0.5,0.9945
7,SMOTE,augmented,0.2,0.9848712805081912,0.2727272727272727,0.3728663234141018,0.1875,0.5,0.992
7,SMOTE,augmented,0.3,0.9866265463055834,0.25,0.3779845271441909,0.1666666666666666,0.5,0.991
7,SMOTE,augmented,0.5,0.9826980942828484,0.2307692307692307,0.4403085177733065,0.15,0.5,0.99
7,SMOTE,augmented,1.0,0.9835339351387496,0.1935483870967742,0.537439249203955,0.12,0.5,0.9875
2024,Baseline,real_only,0.0,0.5670175438596491,0.2857142857142857,0.1080645798383301,0.5,0.2,0.9975
2024,GaussianCopula,augmented,0.1,0.9165914786967418,0.2,0.0540463320017198,0.2,0.2,0.996
2024,GaussianCopula,augmented,0.2,0.4335839598997493,0.25,0.0701124082649124,0.3333333333333333,0.2,0.997
2024,GaussianCopula,augmented,0.3,0.4154385964912281,0.0,0.0044242206820071,0.0,0.0,0.996
2024,GaussianCopula,augmented,0.5,0.5650125313283207,0.0,0.0084888564891304,0.0,0.0,0.997
2024,GaussianCopula,augmented,1.0,0.792982456140351,0.0,0.0646131023023973,0.0,0.0,0.9955
2024,CTGAN,augmented,0.1,0.9914786967418546,0.0,0.1662288073123986,0.0,0.0,0.996
2024,CTGAN,augmented,0.2,0.9907769423558898,0.2,0.166646787747357,0.2,0.2,0.996
2024,CTGAN,augmented,0.3,0.985062656641604,0.0,0.1862310815799187,0.0,0.0,0.997
2024,CTGAN,augmented,0.5,0.9873684210526316,0.0,0.1349320841005874,0.0,0.0,0.995
2024,CTGAN,augmented,1.0,0.9798496240601504,0.1666666666666666,0.0881204125140052,0.1428571428571428,0.2,0.995
2024,SMOTE,augmented,0.1,0.9707268170426064,0.1666666666666666,0.0706249585916426,0.1428571428571428,0.2,0.995
2024,SMOTE,augmented,0.2,0.980952380952381,0.1428571428571428,0.1046936396936397,0.1111111111111111,0.2,0.994
2024,SMOTE,augmented,0.3,0.9785463659147868,0.1538461538461538,0.11542826526227,0.125,0.2,0.9945
2024,SMOTE,augmented,0.5,0.974937343358396,0.125,0.092468183445627,0.0909090909090909,0.2,0.993
2024,SMOTE,augmented,1.0,0.960701754385965,0.0952380952380952,0.0949770953014447,0.0625,0.2,0.9905
999,Baseline,real_only,0.0,0.9691389028405604,0.3,0.2887628188829562,0.2727272727272727,0.3333333333333333,0.993
999,GaussianCopula,augmented,0.1,0.9804676600256712,0.2666666666666666,0.2132131980778015,0.1904761904761904,0.4444444444444444,0.989
999,GaussianCopula,augmented,0.2,0.9688598694123556,0.3333333333333333,0.1994251441340755,0.2666666666666666,0.4444444444444444,0.992
999,GaussianCopula,augmented,0.3,0.9513923768067414,0.25,0.1246117979414553,0.2,0.3333333333333333,0.991
999,GaussianCopula,augmented,0.5,0.9617166136503156,0.24,0.1531860108155104,0.1875,0.3333333333333333,0.9905
999,GaussianCopula,augmented,1.0,0.8578045649868853,0.32,0.2306010806970105,0.25,0.4444444444444444,0.9915
999,CTGAN,augmented,0.1,0.9826999274513084,0.2857142857142857,0.3196718773998523,0.4,0.2222222222222222,0.995
999,CTGAN,augmented,0.2,0.9856018751046375,0.25,0.27528353712564235,0.2857142857142857,0.2222222222222222,0.994
999,CTGAN,augmented,0.3,0.9714827836374798,0.13333333333333333,0.1555696750054283,0.16666666666666666,0.1111111111111111,0.9935
999,CTGAN,augmented,0.5,0.9778447458005468,0.2222222222222222,0.17563898786121007,0.2222222222222222,0.2222222222222222,0.993
999,CTGAN,augmented,1.0,0.9758357051174731,0.125,0.1514295489124212,0.14285714285714285,0.1111111111111111,0.993
999,SMOTE,augmented,0.1,0.9671856688431275,0.2608695652173913,0.17871484731095083,0.21428571428571427,0.3333333333333333,0.9915
999,SMOTE,augmented,0.2,0.9585914392544227,0.2222222222222222,0.17913961734823733,0.16666666666666666,0.3333333333333333,0.9895
999,SMOTE,augmented,0.3,0.9569172386851945,0.15384615384615385,0.20233197545021614,0.11764705882352941,0.2222222222222222,0.989
999,SMOTE,augmented,0.5,0.9523410904626375,0.13793103448275862,0.20173923345143285,0.1,0.2222222222222222,0.9875
999,SMOTE,augmented,1.0,0.9549081980021206,0.14634146341463414,0.15052243308321137,0.09375,0.3333333333333333,0.9825
