seed,method,condition,alpha,classifier,auc_roc,f1_minority,avg_precision
42,Baseline,real_only,0.0,GBC,0.6189059220489386,0.0,0.013636204915036
42,Baseline,real_only,0.0,LR,0.7596641781131273,0.0,0.0559366063555937
42,Baseline,real_only,0.0,RF,0.5317356996732114,0.0,0.0115682740907155
42,Baseline,real_only,0.0,MLP,0.4727543239724753,0.0,0.0101806147563007
42,GaussianCopula,augmented,0.1,GBC,0.5809266983713701,0.0,0.0135634017657839
42,GaussianCopula,augmented,0.1,LR,0.75496160896942,0.0,0.06484989108992
42,GaussianCopula,augmented,0.1,RF,0.5237253912165574,0.0,0.011077222847694
42,GaussianCopula,augmented,0.1,MLP,0.4741358697096097,0.0,0.0106916322335265
42,GaussianCopula,augmented,0.2,GBC,0.560030819097213,0.0,0.0123587373424307
42,GaussianCopula,augmented,0.2,LR,0.7492228805228619,0.0,0.0578097719724952
42,GaussianCopula,augmented,0.2,RF,0.5523658970748426,0.0,0.0116638734394444
42,GaussianCopula,augmented,0.2,MLP,0.4741624378968623,0.0,0.0107353469987858
42,GaussianCopula,augmented,0.3,GBC,0.5753075267674486,0.0,0.0142404560667103
42,GaussianCopula,augmented,0.3,LR,0.7387284465580913,0.0,0.0677456346845151
42,GaussianCopula,augmented,0.3,RF,0.5127261616939877,0.0,0.0115596495518507
42,GaussianCopula,augmented,0.3,MLP,0.4840989399293286,0.0,0.0109123673880394
42,GaussianCopula,augmented,0.5,GBC,0.5597252849438082,0.0,0.0123594096962965
42,GaussianCopula,augmented,0.5,LR,0.7357793777730546,0.0,0.0517928365455516
42,GaussianCopula,augmented,0.5,RF,0.5812986529929063,0.0,0.0150479760067102
42,GaussianCopula,augmented,0.5,MLP,0.4948324875793725,0.0,0.011441076156529
42,GaussianCopula,augmented,1.0,GBC,0.5709901963389038,0.0,0.0123180914162602
42,GaussianCopula,augmented,1.0,LR,0.698982438428226,0.0,0.0422150382499013
42,GaussianCopula,augmented,1.0,RF,0.5283748239857594,0.0,0.0119560072484139
42,GaussianCopula,augmented,1.0,MLP,0.5018730572013071,0.0,0.0109766568866347
42,CTGAN,augmented,0.1,GBC,0.6928053348920004,0.0,0.0250891099929909
42,CTGAN,augmented,0.1,LR,0.7470708573554026,0.0,0.0537494329331714
42,CTGAN,augmented,0.1,RF,0.5389356784186615,0.0,0.0103533023432817
42,CTGAN,augmented,0.1,MLP,0.4857461675389888,0.0,0.0112834004418439
42,CTGAN,augmented,0.2,GBC,0.7056776216158771,0.0,0.0278322181186737
42,CTGAN,augmented,0.2,LR,0.753234676798002,0.0,0.0559528648516783
42,CTGAN,augmented,0.2,RF,0.5229017774117272,0.0,0.0107335704448486
42,CTGAN,augmented,0.2,MLP,0.5102686043731236,0.0,0.0126729538482894
42,CTGAN,augmented,0.3,GBC,0.6528999176386194,0.0,0.0219698757482933
42,CTGAN,augmented,0.3,LR,0.733069422673291,0.0,0.0485909850230856
42,CTGAN,augmented,0.3,RF,0.5384707351417413,0.0,0.010606625343005
42,CTGAN,augmented,0.3,MLP,0.5274582215255453,0.0,0.0138691259445435
42,CTGAN,augmented,0.5,GBC,0.6291745264220623,0.0,0.0231159673210021
42,CTGAN,augmented,0.5,LR,0.7463535162995829,0.0,0.0534229523869905
42,CTGAN,augmented,0.5,RF,0.5598581258800712,0.0,0.0112308705619503
42,CTGAN,augmented,0.5,MLP,0.5548500225829591,0.0,0.0172720211227967
42,CTGAN,augmented,1.0,GBC,0.7070193150721327,0.0,0.0331582836721153
42,CTGAN,augmented,1.0,LR,0.7474693801641914,0.0,0.049638278914599
42,CTGAN,augmented,1.0,RF,0.5675629001833206,0.0,0.0130397876844737
42,CTGAN,augmented,1.0,MLP,0.6311804245596323,0.0,0.032740628625309
42,SMOTE,augmented,0.1,GBC,0.6487021440527112,0.0,0.0211894250168983
42,SMOTE,augmented,0.1,LR,0.3555354818140758,0.0,0.0116148309947388
42,SMOTE,augmented,0.1,RF,0.5706315258109939,0.0425531914893617,0.0196240507534931
42,SMOTE,augmented,0.1,MLP,0.6269295145992189,0.0,0.0170006495952364
42,SMOTE,augmented,0.2,GBC,0.6831345147320598,0.04,0.0220781813240672
42,SMOTE,augmented,0.2,LR,0.3762852360583437,0.037037037037037,0.0122781166804706
42,SMOTE,augmented,0.2,RF,0.6206859905948617,0.0615384615384615,0.0185238084425623
42,SMOTE,augmented,0.2,MLP,0.6297191742607402,0.0294117647058823,0.0179835221017502
42,SMOTE,augmented,0.3,GBC,0.6834001966045856,0.0533333333333333,0.0231161589766847
42,SMOTE,augmented,0.3,LR,0.4041552644863041,0.0192307692307692,0.0143754102131777
42,SMOTE,augmented,0.3,RF,0.6356438800180664,0.0526315789473684,0.0252516334752891
42,SMOTE,augmented,0.3,MLP,0.6073487605940646,0.0206185567010309,0.0183307172353897
42,SMOTE,augmented,0.5,GBC,0.6695980233268684,0.0341880341880341,0.0188208319953097
42,SMOTE,augmented,0.5,LR,0.4315736337309704,0.0097560975609756,0.0129496971623355
42,SMOTE,augmented,0.5,RF,0.6698371370121416,0.0449438202247191,0.0244276404300908
42,SMOTE,augmented,0.5,MLP,0.5824809373256463,0.0346820809248554,0.0135780295682473
42,SMOTE,augmented,1.0,GBC,0.6753633199606791,0.0350877192982456,0.0190611473275229
42,SMOTE,augmented,1.0,LR,0.468051754828768,0.0175824175824175,0.0162887566485619
42,SMOTE,augmented,1.0,RF,0.5978240654640133,0.0416666666666666,0.0194786696282458
42,SMOTE,augmented,1.0,MLP,0.5484470894550865,0.0251046025104602,0.0140050346015539
123,Baseline,real_only,0.0,GBC,0.5465579100796053,0.0606060606060606,0.0221754054176826
123,Baseline,real_only,0.0,LR,0.6573186455880704,0.0,0.0163608963106134
123,Baseline,real_only,0.0,RF,0.6554966924543111,0.0,0.0318858277863544
123,Baseline,real_only,0.0,MLP,0.4608560376723847,0.0,0.0121440335332883
123,GaussianCopula,augmented,0.1,GBC,0.6368286803453302,0.0,0.020154061742527
123,GaussianCopula,augmented,0.1,LR,0.6648867586052246,0.0,0.0185547314687382
123,GaussianCopula,augmented,0.1,RF,0.6788457226146428,0.0,0.0342427323962825
123,GaussianCopula,augmented,0.1,MLP,0.4749271218746497,0.0,0.0127819988577008
123,GaussianCopula,augmented,0.2,GBC,0.622435250588631,0.0,0.0232730022954583
123,GaussianCopula,augmented,0.2,LR,0.6581595470344209,0.0,0.0201465226798505
123,GaussianCopula,augmented,0.2,RF,0.6314889561610045,0.0,0.0344919018585255
123,GaussianCopula,augmented,0.2,MLP,0.4607439174795381,0.0,0.0115604646417607
123,GaussianCopula,augmented,0.3,GBC,0.5210225361587623,0.0,0.0185600647340503
123,GaussianCopula,augmented,0.3,LR,0.6638776768696042,0.0,0.0180644550737452
123,GaussianCopula,augmented,0.3,RF,0.6612568673618118,0.0,0.0401734327299227
123,GaussianCopula,augmented,0.3,MLP,0.4493637179055947,0.0,0.0108300223544303
123,GaussianCopula,augmented,0.5,GBC,0.5481135777553537,0.064516129032258,0.0194595659742014
123,GaussianCopula,augmented,0.5,LR,0.6654193295212468,0.0,0.0187916601473657
123,GaussianCopula,augmented,0.5,RF,0.6999943939903577,0.0,0.0356575016761133
123,GaussianCopula,augmented,0.5,MLP,0.4321252382554099,0.0,0.0098178888791918
123,GaussianCopula,augmented,1.0,GBC,0.5626051126807938,0.0,0.0199048933601669
123,GaussianCopula,augmented,1.0,LR,0.6865820159210674,0.0,0.01829206130448
123,GaussianCopula,augmented,1.0,RF,0.6760567328175805,0.0,0.0317647526433804
123,GaussianCopula,augmented,1.0,MLP,0.40947695930037,0.0,0.01036081153491
123,CTGAN,augmented,0.1,GBC,0.5800538176925665,0.074074074074074,0.0291734436641823
123,CTGAN,augmented,0.1,LR,0.6114334566655455,0.0,0.0149921311511511
123,CTGAN,augmented,0.1,RF,0.6827979594124902,0.0,0.0385425628469202
123,CTGAN,augmented,0.1,MLP,0.4777581567440296,0.0,0.0129348002333149
123,CTGAN,augmented,0.2,GBC,0.575583025002803,0.0833333333333333,0.0327208307007384
123,CTGAN,augmented,0.2,LR,0.5988759950667115,0.0,0.0135488618907479
123,CTGAN,augmented,0.2,RF,0.6754260567328176,0.0,0.0372676093851261
123,CTGAN,augmented,0.2,MLP,0.4751233322121314,0.0,0.011466188522015
123,CTGAN,augmented,0.3,GBC,0.5742235676645364,0.0,0.0131125962013693
123,CTGAN,augmented,0.3,LR,0.5979510034757259,0.0,0.0130643782954399
123,CTGAN,augmented,0.3,RF,0.670534813319879,0.0,0.0391682732916857
123,CTGAN,augmented,0.3,MLP,0.4667703778450499,0.0,0.0104930628717957
123,CTGAN,augmented,0.5,GBC,0.6158481892588855,0.0,0.0160184258031201
123,CTGAN,augmented,0.5,LR,0.6058835071196322,0.0,0.0132178746966742
123,CTGAN,augmented,0.5,RF,0.6470736629667003,0.0,0.0359777594335733
123,CTGAN,augmented,0.5,MLP,0.4657332660612177,0.0,0.0108145812620555
123,CTGAN,augmented,1.0,GBC,0.6547118511043839,0.0,0.0347269923114444
123,CTGAN,augmented,1.0,LR,0.6146008521134656,0.0,0.0128021128187735
123,CTGAN,augmented,1.0,RF,0.736041035990582,0.0,0.0462209434288107
123,CTGAN,augmented,1.0,MLP,0.4721241170534813,0.0,0.0136279211570571
123,SMOTE,augmented,0.1,GBC,0.5777833837874201,0.0689655172413793,0.0252336685802903
123,SMOTE,augmented,0.1,LR,0.5952881488956161,0.0833333333333333,0.0219296280834547
123,SMOTE,augmented,0.1,RF,0.6927065814553202,0.0333333333333333,0.0219272502376749
123,SMOTE,augmented,0.1,MLP,0.5760595358224015,0.0952380952380952,0.0314409521765359
123,SMOTE,augmented,0.2,GBC,0.5614558807041148,0.0454545454545454,0.0219442465262832
123,SMOTE,augmented,0.2,LR,0.5983994842471129,0.04,0.0222141019395144
123,SMOTE,augmented,0.2,RF,0.6905903128153379,0.0277777777777777,0.0294095831148314
123,SMOTE,augmented,0.2,MLP,0.5608952797398812,0.0588235294117647,0.0182377274360709
123,SMOTE,augmented,0.3,GBC,0.5691781589864334,0.0277777777777777,0.0177624972050387
123,SMOTE,augmented,0.3,LR,0.5947836080278058,0.0219780219780219,0.0219467863854515
123,SMOTE,augmented,0.3,RF,0.6519368763314273,0.0253164556962025,0.0266820772437023
123,SMOTE,augmented,0.3,MLP,0.5401250140150241,0.0300751879699248,0.0328027222946245
123,SMOTE,augmented,0.5,GBC,0.5579240946294428,0.032520325203252,0.0193107446439133
123,SMOTE,augmented,0.5,LR,0.5969138916918938,0.0277777777777777,0.0207605918016656
123,SMOTE,augmented,0.5,RF,0.6443267182419553,0.0227272727272727,0.0277634549394695
123,SMOTE,augmented,0.5,MLP,0.5416666666666667,0.0181818181818181,0.0336658229385949
123,SMOTE,augmented,1.0,GBC,0.5439931606682364,0.0355555555555555,0.0192674670839096
123,SMOTE,augmented,1.0,LR,0.5954563291848862,0.0266666666666666,0.0197837492969652
123,SMOTE,augmented,1.0,RF,0.6636674515080165,0.0408163265306122,0.0240165292808066
123,SMOTE,augmented,1.0,MLP,0.5155426617333781,0.0151515151515151,0.0185896555676423
7,Baseline,real_only,0.0,GBC,0.6195996874712749,0.0,0.0169511422683894
7,Baseline,real_only,0.0,LR,0.661423384502252,0.0,0.027033640704905
7,Baseline,real_only,0.0,RF,0.4179612096700064,0.0,0.0103874669507614
7,Baseline,real_only,0.0,MLP,0.4582337531023072,0.0,0.0116264347241131
7,GaussianCopula,augmented,0.1,GBC,0.615176027208383,0.0,0.0168167414115247
7,GaussianCopula,augmented,0.1,LR,0.6533114256825076,0.0,0.0252725889864383
7,GaussianCopula,augmented,0.1,RF,0.4704706314918651,0.0,0.0101116205944233
7,GaussianCopula,augmented,0.1,MLP,0.445273003033367,0.0,0.0104029903228753
7,GaussianCopula,augmented,0.2,GBC,0.5788905230260134,0.0,0.0154267368698775
7,GaussianCopula,augmented,0.2,LR,0.6456131078224102,0.0,0.024797152544391
7,GaussianCopula,augmented,0.2,RF,0.4505469252688666,0.0,0.0101540174888632
7,GaussianCopula,augmented,0.2,MLP,0.4444227410607592,0.0,0.0103584027921498
7,GaussianCopula,augmented,0.3,GBC,0.6044328522842173,0.0,0.0158023080967123
7,GaussianCopula,augmented,0.3,LR,0.6531046052026841,0.0,0.0245534259659918
7,GaussianCopula,augmented,0.3,RF,0.4284171339277507,0.0,0.0099877267318685
7,GaussianCopula,augmented,0.3,MLP,0.4480306094310139,0.0,0.0104028328134401
7,GaussianCopula,augmented,0.5,GBC,0.559472377975917,0.0,0.014428253240063
7,GaussianCopula,augmented,0.5,LR,0.6455671477157827,0.0,0.0229548480297894
7,GaussianCopula,augmented,0.5,RF,0.5223710819009099,0.0,0.0113289545122407
7,GaussianCopula,augmented,0.5,MLP,0.4466747862855041,0.0,0.010423983977128
7,GaussianCopula,augmented,1.0,GBC,0.56985936207372,0.0,0.0134912705576028
7,GaussianCopula,augmented,1.0,LR,0.6624574869013696,0.0,0.0243523028894496
7,GaussianCopula,augmented,1.0,RF,0.4431013879952201,0.0,0.0099289238390761
7,GaussianCopula,augmented,1.0,MLP,0.4521670190274842,0.0,0.0102171964180738
7,CTGAN,augmented,0.1,GBC,0.6081556209210406,0.0,0.017653589959027
7,CTGAN,augmented,0.1,LR,0.6589185586910562,0.0,0.0289097664328738
7,CTGAN,augmented,0.1,RF,0.5050441217023623,0.0,0.0108071239867197
7,CTGAN,augmented,0.1,MLP,0.4445836014339553,0.0,0.0103517448380418
7,CTGAN,augmented,0.2,GBC,0.6613084842356834,0.0,0.0209931560050909
7,CTGAN,augmented,0.2,LR,0.6615842448754481,0.0,0.0280943208490725
7,CTGAN,augmented,0.2,RF,0.4618301314459049,0.0,0.0103209129089957
7,CTGAN,augmented,0.2,MLP,0.4509950363084842,0.0,0.0104549467560776
7,CTGAN,augmented,0.3,GBC,0.6296189907160584,0.0,0.0176683504719381
7,CTGAN,augmented,0.3,LR,0.6701787848147808,0.0,0.0276999723814959
7,CTGAN,augmented,0.3,RF,0.4690918282930416,0.0,0.0104123547506582
7,CTGAN,augmented,0.3,MLP,0.4581418328890523,0.0,0.010532465725373
7,CTGAN,augmented,0.5,GBC,0.6360074455372737,0.0,0.019587676542633
7,CTGAN,augmented,0.5,LR,0.6710979869473297,0.0,0.0299460646755679
7,CTGAN,augmented,0.5,RF,0.4872575604375402,0.0,0.0108109462710141
7,CTGAN,augmented,0.5,MLP,0.4665065722952477,0.0,0.0105443407352526
7,CTGAN,augmented,1.0,GBC,0.6250344700799706,0.0,0.0190723225500347
7,CTGAN,augmented,1.0,LR,0.6753492968103687,0.0,0.0290297450539857
7,CTGAN,augmented,1.0,RF,0.4951052486441769,0.0,0.0103707187543181
7,CTGAN,augmented,1.0,MLP,0.521038238808714,0.0,0.0114894533061282
7,SMOTE,augmented,0.1,GBC,0.6494852468057726,0.0,0.0162490434609839
7,SMOTE,augmented,0.1,LR,0.5684001286882985,0.0,0.0152335316487885
7,SMOTE,augmented,0.1,RF,0.559713668535711,0.0363636363636363,0.013367352025741
7,SMOTE,augmented,0.1,MLP,0.6985131905506021,0.0,0.0215652555686572
7,SMOTE,augmented,0.2,GBC,0.6182553543524221,0.0,0.0147877591976554
7,SMOTE,augmented,0.2,LR,0.5786262524129057,0.0,0.0155348000382105
7,SMOTE,augmented,0.2,RF,0.5494645647577903,0.028169014084507,0.0128124056513248
7,SMOTE,augmented,0.2,MLP,0.6729823513190551,0.0158730158730158,0.0181176719633228
7,SMOTE,augmented,0.3,GBC,0.6178187333394614,0.0224719101123595,0.0154797303375264
7,SMOTE,augmented,0.3,LR,0.5914261421086497,0.0,0.0161476221469043
7,SMOTE,augmented,0.3,RF,0.56436712933174,0.024390243902439,0.0139341851665175
7,SMOTE,augmented,0.3,MLP,0.6651001930324478,0.0118343195266272,0.0168870491156582
7,SMOTE,augmented,0.5,GBC,0.6121311701443147,0.0137931034482758,0.0153472915829385
7,SMOTE,augmented,0.5,LR,0.601973986579649,0.04,0.0164547033508976
7,SMOTE,augmented,0.5,RF,0.5216931703281551,0.0204081632653061,0.0156013896472942
7,SMOTE,augmented,0.5,MLP,0.6360993657505285,0.018018018018018,0.0155233247564027
7,SMOTE,augmented,1.0,GBC,0.6127746116370991,0.0251046025104602,0.015228471609481
7,SMOTE,augmented,1.0,LR,0.614176394889236,0.0320855614973262,0.0169848939353545
7,SMOTE,augmented,1.0,RF,0.5312988326132917,0.0198019801980198,0.0125148877921779
7,SMOTE,augmented,1.0,MLP,0.6266086037319607,0.0246153846153846,0.0197149436109505
2024,Baseline,real_only,0.0,GBC,0.4503277861825517,0.0,0.0077800971489124
2024,Baseline,real_only,0.0,LR,0.6302393877369405,0.0,0.0127437053516312
2024,Baseline,real_only,0.0,RF,0.5244727240366647,0.0,0.0101272448583408
2024,Baseline,real_only,0.0,MLP,0.4739402568894425,0.0,0.0099358782974955
2024,GaussianCopula,augmented,0.1,GBC,0.4941413781851621,0.0,0.0085737799077705
2024,GaussianCopula,augmented,0.1,LR,0.6472071430690279,0.0,0.017937284223767
2024,GaussianCopula,augmented,0.1,RF,0.5515558719705734,0.0,0.010753765312004
2024,GaussianCopula,augmented,0.1,MLP,0.482513126279256,0.0,0.0093440872819418
2024,GaussianCopula,augmented,0.2,GBC,0.4488445907863902,0.0,0.0075547074504577
2024,GaussianCopula,augmented,0.2,LR,0.644507727448014,0.0,0.0167365417497307
2024,GaussianCopula,augmented,0.2,RF,0.5478182195722465,0.0,0.0100911113751581
2024,GaussianCopula,augmented,0.2,MLP,0.4856575005191184,0.0,0.009383759467497
2024,GaussianCopula,augmented,0.3,GBC,0.4191361870012755,0.0,0.0071256414504139
2024,GaussianCopula,augmented,0.3,LR,0.6460799145679452,0.0,0.0169893050187255
2024,GaussianCopula,augmented,0.3,RF,0.4946753285277803,0.0,0.0101259209465023
2024,GaussianCopula,augmented,0.3,MLP,0.4906707009581442,0.0,0.0094852330740837
2024,GaussianCopula,augmented,0.5,GBC,0.4380469283023345,0.0,0.0074834333292177
2024,GaussianCopula,augmented,0.5,LR,0.6501438699534277,0.0,0.017859314762634
2024,GaussianCopula,augmented,0.5,RF,0.5168490997003945,0.0,0.010123852720716
2024,GaussianCopula,augmented,0.5,MLP,0.4922725519859987,0.0,0.0096022605773546
2024,GaussianCopula,augmented,1.0,GBC,0.4344279315357005,0.0,0.0078848961992008
2024,GaussianCopula,augmented,1.0,LR,0.6175432351457981,0.0,0.0134727026971656
2024,GaussianCopula,augmented,1.0,RF,0.5249325146094747,0.0,0.0108410491125648
2024,GaussianCopula,augmented,1.0,MLP,0.5068671946842277,0.0,0.0101157296399257
2024,CTGAN,augmented,0.1,GBC,0.5008750852837353,0.0,0.008443208955106
2024,CTGAN,augmented,0.1,LR,0.6395538548248346,0.0,0.0148598146263132
2024,CTGAN,augmented,0.1,RF,0.4909376761294533,0.0,0.0102253665393001
2024,CTGAN,augmented,0.1,MLP,0.4806443000800926,0.0,0.009277695742438
2024,CTGAN,augmented,0.2,GBC,0.4709145382812731,0.0,0.0078457471110876
2024,CTGAN,augmented,0.2,LR,0.6453383168698645,0.0,0.0162963764543319
2024,CTGAN,augmented,0.2,RF,0.5110794696093264,0.0,0.0095638019385779
2024,CTGAN,augmented,0.2,MLP,0.485479517071579,0.0,0.0094389898200307
2024,CTGAN,augmented,0.3,GBC,0.5067337070985732,0.0,0.0090132390952111
2024,CTGAN,augmented,0.3,LR,0.6450713416985553,0.0,0.0170734191783118
2024,CTGAN,augmented,0.3,RF,0.5295007564296521,0.0,0.0098612174491144
2024,CTGAN,augmented,0.3,MLP,0.4902850701551422,0.0,0.0095028184403464
2024,CTGAN,augmented,0.5,GBC,0.4582777135059773,0.0,0.0078489518693433
2024,CTGAN,augmented,0.5,LR,0.6376553647177479,0.0,0.0164478737173895
2024,CTGAN,augmented,0.5,RF,0.5853727270030554,0.0,0.011440346405971
2024,CTGAN,augmented,0.5,MLP,0.4974933997804871,0.0,0.0095753482365937
2024,CTGAN,augmented,1.0,GBC,0.5063332443416095,0.0,0.0083553233098876
2024,CTGAN,augmented,1.0,LR,0.6185221441072647,0.0,0.0148902910221355
2024,CTGAN,augmented,1.0,RF,0.5307614725163893,0.0,0.010825120183621
2024,CTGAN,augmented,1.0,MLP,0.5142831716650351,0.0,0.0097711696148483
2024,SMOTE,augmented,0.1,GBC,0.6591320340541663,0.0,0.0140693510232397
2024,SMOTE,augmented,0.1,LR,0.5955029515588384,0.0,0.0130638380152848
2024,SMOTE,augmented,0.1,RF,0.6697517130906826,0.0,0.0130009986808822
2024,SMOTE,augmented,0.1,MLP,0.5951766485716828,0.0,0.0167462344212962
2024,SMOTE,augmented,0.2,GBC,0.6221411408738988,0.0,0.0127827682050623
2024,SMOTE,augmented,0.2,LR,0.5924179051348226,0.0,0.012657815072923
2024,SMOTE,augmented,0.2,RF,0.586040164931328,0.0,0.0103734091617702
2024,SMOTE,augmented,0.2,MLP,0.5929221915695174,0.0333333333333333,0.0145158566885931
2024,SMOTE,augmented,0.3,GBC,0.6406810833259173,0.0253164556962025,0.0137702304979709
2024,SMOTE,augmented,0.3,LR,0.5928035359378244,0.0,0.0126537759459429
2024,SMOTE,augmented,0.3,RF,0.5916763074367416,0.0,0.0114080939206489
2024,SMOTE,augmented,0.3,MLP,0.6127080181543116,0.0384615384615384,0.0201235148056942
2024,SMOTE,augmented,0.5,GBC,0.6323603571534513,0.0264900662251655,0.0132151907474976
2024,SMOTE,augmented,0.5,LR,0.594168075702293,0.0176211453744493,0.0127142016224559
2024,SMOTE,augmented,0.5,RF,0.5944943786894485,0.0,0.0122818474757552
2024,SMOTE,augmented,0.5,MLP,0.6124410429830026,0.0212765957446808,0.0131685906629296
2024,SMOTE,augmented,1.0,GBC,0.6262644240752278,0.0222222222222222,0.0128546933625811
2024,SMOTE,augmented,1.0,LR,0.5982913589036218,0.0323886639676113,0.0129295410859714
2024,SMOTE,augmented,1.0,RF,0.5884281095191481,0.0,0.0113019050556596
2024,SMOTE,augmented,1.0,MLP,0.621666518347127,0.0220588235294117,0.0136967731242981
999,Baseline,real_only,0.0,GBC,0.50236456866548,0.0,0.0102781980177011
999,Baseline,real_only,0.0,LR,0.6083184994287839,0.0,0.0140705648045641
999,Baseline,real_only,0.0,RF,0.4596562076569516,0.0,0.0095521643271823
999,Baseline,real_only,0.0,MLP,0.5168973670926433,0.0,0.0099398488277578
999,GaussianCopula,augmented,0.1,GBC,0.4327957703445894,0.0,0.0085502224399876
999,GaussianCopula,augmented,0.1,LR,0.6054491352055049,0.0,0.0159059889130653
999,GaussianCopula,augmented,0.1,RF,0.4514200696086506,0.0,0.0090281488025019
999,GaussianCopula,augmented,0.1,MLP,0.5722123329525226,0.0,0.0113266153782569
999,GaussianCopula,augmented,0.2,GBC,0.4730067217513749,0.0,0.0096660497904287
999,GaussianCopula,augmented,0.2,LR,0.6009059751853131,0.0,0.0142557780288191
999,GaussianCopula,augmented,0.2,RF,0.4592842530354153,0.0,0.0092494653995483
999,GaussianCopula,augmented,0.2,MLP,0.5743377879327294,0.0,0.0114492120011005
999,GaussianCopula,augmented,0.3,GBC,0.4976619995217726,0.0,0.0101052157251627
999,GaussianCopula,augmented,0.3,LR,0.5876218815590213,0.0,0.0145858368226323
999,GaussianCopula,augmented,0.3,RF,0.5026169664443795,0.0,0.0096220171142826
999,GaussianCopula,augmented,0.3,MLP,0.5750551289885492,0.0,0.0115204418708682
999,GaussianCopula,augmented,0.5,GBC,0.4013390366375302,0.0,0.0078729623707269
999,GaussianCopula,augmented,0.5,LR,0.5907303594675736,0.0,0.014027334091856
999,GaussianCopula,augmented,0.5,RF,0.4758096655065225,0.0,0.0092553538291789
999,GaussianCopula,augmented,0.5,MLP,0.5810329711203804,0.0,0.0117249873290328
999,GaussianCopula,augmented,1.0,GBC,0.4828236669412046,0.0,0.0091187323522401
999,GaussianCopula,augmented,1.0,LR,0.5410212811179893,0.0,0.0129948694557517
999,GaussianCopula,augmented,1.0,RF,0.5641090358404847,0.0,0.0116193656074064
999,GaussianCopula,augmented,1.0,MLP,0.5836366534711337,0.0,0.0118104811549624
999,CTGAN,augmented,0.1,GBC,0.4363957597173143,0.0,0.008557831683467
999,CTGAN,augmented,0.1,LR,0.5905975185313106,0.0,0.0164340880766424
999,CTGAN,augmented,0.1,RF,0.4485507053853715,0.0,0.0094024887800897
999,CTGAN,augmented,0.1,MLP,0.5738861287494355,0.0,0.0113622330742396
999,CTGAN,augmented,0.2,GBC,0.485028826483169,0.0,0.010384382526785
999,CTGAN,augmented,0.2,LR,0.5691304232312229,0.0,0.0156731299337819
999,CTGAN,augmented,0.2,RF,0.4911660777385159,0.0,0.0093502497588995
999,CTGAN,augmented,0.2,MLP,0.576463242912936,0.0,0.0114892197380495
999,CTGAN,augmented,0.3,GBC,0.5052206487951327,0.0,0.0109191324198307
999,CTGAN,augmented,0.3,LR,0.5608145806211642,0.0,0.0149843489907848
999,CTGAN,augmented,0.3,RF,0.4946730784558569,0.0,0.0096912036962362
999,CTGAN,augmented,0.3,MLP,0.5843274263397008,0.0,0.0118103691870817
999,CTGAN,augmented,0.5,GBC,0.5423098381997397,0.0,0.0112588274352837
999,CTGAN,augmented,0.5,LR,0.5565105342862456,0.0,0.0133141655469109
999,CTGAN,augmented,0.5,RF,0.4706687212731475,0.0,0.0094640149349726
999,CTGAN,augmented,0.5,MLP,0.587117086001222,0.0,0.0120471025019547
999,CTGAN,augmented,1.0,GBC,0.523805095778315,0.0,0.0113894696033774
999,CTGAN,augmented,1.0,LR,0.5578123754616222,0.0,0.0131850998068743
999,CTGAN,augmented,1.0,RF,0.4891734636945721,0.0,0.0098149149820582
999,CTGAN,augmented,1.0,MLP,0.5803156300645607,0.0,0.012921236482427
999,SMOTE,augmented,0.1,GBC,0.4947262148303621,0.0,0.0132168182951082
999,SMOTE,augmented,0.1,LR,0.582600494168283,0.0,0.0121866751384984
999,SMOTE,augmented,0.1,RF,0.5115305932676213,0.0425531914893617,0.0127790831091532
999,SMOTE,augmented,0.1,MLP,0.5535614655012089,0.0,0.0163546844954038
999,SMOTE,augmented,0.2,GBC,0.5168442307181381,0.0416666666666666,0.0156053742312024
999,SMOTE,augmented,0.2,LR,0.5855761311405723,0.0,0.0123685393253276
999,SMOTE,augmented,0.2,RF,0.5222375727304126,0.0303030303030303,0.0147082203634441
999,SMOTE,augmented,0.2,MLP,0.5598315576928186,0.0869565217391304,0.0456099411619648
999,SMOTE,augmented,0.3,GBC,0.5018863412949334,0.0298507462686567,0.0160290591795241
999,SMOTE,augmented,0.3,LR,0.5898536092882383,0.0273972602739726,0.0124368600871105
999,SMOTE,augmented,0.3,RF,0.5381386328010839,0.025,0.0128814010971649
999,SMOTE,augmented,0.3,MLP,0.534086984245065,0.0512820512820512,0.0345222178127737
999,SMOTE,augmented,0.5,GBC,0.4940620101490475,0.0176991150442477,0.0123248177066847
999,SMOTE,augmented,0.5,LR,0.5986476792688434,0.0108108108108108,0.0125808200835549
999,SMOTE,augmented,0.5,RF,0.5201386859374585,0.0217391304347826,0.0118950110541137
999,SMOTE,augmented,0.5,MLP,0.5383113260182257,0.0389610389610389,0.0176350287791929
999,SMOTE,augmented,1.0,GBC,0.4974760222110045,0.027906976744186,0.0128333873268881
999,SMOTE,augmented,1.0,LR,0.6038550439703498,0.014018691588785,0.0127630846806541
999,SMOTE,augmented,1.0,RF,0.5311113472727755,0.0202020202020202,0.0118096976807692
999,SMOTE,augmented,1.0,MLP,0.5389223943250352,0.0347826086956521,0.0186583871764953
10,Baseline,real_only,0.0,GBC,0.586882560483871,0.0,0.0118308582504658
10,Baseline,real_only,0.0,LR,0.6926348286290323,0.0,0.0214615135715325
10,Baseline,real_only,0.0,RF,0.4452809979838709,0.0,0.007674164001571
10,Baseline,real_only,0.0,MLP,0.4348538306451613,0.0,0.0083417044557793
10,GaussianCopula,augmented,0.1,GBC,0.5544984879032258,0.0,0.0103822218317351
10,GaussianCopula,augmented,0.1,LR,0.7015183971774194,0.0,0.0215581930077931
10,GaussianCopula,augmented,0.1,RF,0.44970703125,0.0,0.0079622702259688
10,GaussianCopula,augmented,0.1,MLP,0.4158896169354839,0.0,0.0077244952835532
10,GaussianCopula,augmented,0.2,GBC,0.560515372983871,0.0,0.0114660343164629
10,GaussianCopula,augmented,0.2,LR,0.7253024193548387,0.0,0.0219492163722865
10,GaussianCopula,augmented,0.2,RF,0.4777123235887097,0.0,0.0076828466312161
10,GaussianCopula,augmented,0.2,MLP,0.4083291330645161,0.0,0.007687475620407
10,GaussianCopula,augmented,0.3,GBC,0.6292527721774193,0.0,0.0123406940407181
10,GaussianCopula,augmented,0.3,LR,0.7296811995967742,0.0,0.0210050200700461
10,GaussianCopula,augmented,0.3,RF,0.4989761844758064,0.0,0.008205601751426
10,GaussianCopula,augmented,0.3,MLP,0.4067540322580645,0.0,0.0075951427211201
10,GaussianCopula,augmented,0.5,GBC,0.6530367943548387,0.0,0.0132480807668576
10,GaussianCopula,augmented,0.5,LR,0.7127646169354839,0.0,0.0213247533412447
10,GaussianCopula,augmented,0.5,RF,0.5059381300403225,0.0,0.0083036278884966
10,GaussianCopula,augmented,0.5,MLP,0.419921875,0.0,0.0081574249140562
10,GaussianCopula,augmented,1.0,GBC,0.5919228830645161,0.0,0.0136697497875023
10,GaussianCopula,augmented,1.0,LR,0.6851688508064515,0.0,0.0206252010109838
10,GaussianCopula,augmented,1.0,RF,0.4709708921370967,0.0,0.0076530562517404
10,GaussianCopula,augmented,1.0,MLP,0.4351688508064516,0.0,0.0088970838135474
10,CTGAN,augmented,0.1,GBC,0.5442760836693549,0.0,0.0101047147181301
10,CTGAN,augmented,0.1,LR,0.6810735887096773,0.0,0.0451142164037294
10,CTGAN,augmented,0.1,RF,0.44482421875,0.0,0.0077612484010307
10,CTGAN,augmented,0.1,MLP,0.4156060987903225,0.0,0.0080936740729358
10,CTGAN,augmented,0.2,GBC,0.605988533266129,0.0,0.0117828289181947
10,CTGAN,augmented,0.2,LR,0.6809475806451614,0.0,0.0449776339355409
10,CTGAN,augmented,0.2,RF,0.440949470766129,0.0,0.0076214134702506
10,CTGAN,augmented,0.2,MLP,0.435578377016129,0.0,0.0094491396487015
10,CTGAN,augmented,0.3,GBC,0.6374590473790323,0.0,0.0139781067914967
10,CTGAN,augmented,0.3,LR,0.6868384576612903,0.0,0.045481148272122
10,CTGAN,augmented,0.3,RF,0.4401934223790322,0.0,0.0078271377490951
10,CTGAN,augmented,0.3,MLP,0.4459110383064516,0.0,0.0103691772970456
10,CTGAN,augmented,0.5,GBC,0.6216292842741935,0.0,0.013190415453497
10,CTGAN,augmented,0.5,LR,0.679719002016129,0.0,0.045322201953294
10,CTGAN,augmented,0.5,RF,0.463441910282258,0.0,0.0079955506250596
10,CTGAN,augmented,0.5,MLP,0.470640120967742,0.0,0.0132809038228587
10,CTGAN,augmented,1.0,GBC,0.6436806955645161,0.0,0.0167599681405635
10,CTGAN,augmented,1.0,LR,0.6625189012096775,0.0,0.0174217889407923
10,CTGAN,augmented,1.0,RF,0.4572832661290322,0.0,0.0076869011869011
10,CTGAN,augmented,1.0,MLP,0.5398815524193548,0.0,0.0173080358598658
10,SMOTE,augmented,0.1,GBC,0.5117975050403225,0.0,0.0092446323169471
10,SMOTE,augmented,0.1,LR,0.5183971774193548,0.0,0.0117210974831579
10,SMOTE,augmented,0.1,RF,0.3906092489919355,0.0,0.0070644768856447
10,SMOTE,augmented,0.1,MLP,0.5282258064516129,0.0,0.0103691601888497
10,SMOTE,augmented,0.2,GBC,0.5286983366935484,0.0,0.0100533217263793
10,SMOTE,augmented,0.2,LR,0.5188382056451613,0.0,0.0115131273252558
10,SMOTE,augmented,0.2,RF,0.4502898185483871,0.0,0.0072433184522098
10,SMOTE,augmented,0.2,MLP,0.5081275201612903,0.0,0.0096076551225189
10,SMOTE,augmented,0.3,GBC,0.5139553931451613,0.0,0.009072268829367
10,SMOTE,augmented,0.3,LR,0.5191847278225806,0.027027027027027,0.0111656651785679
10,SMOTE,augmented,0.3,RF,0.4084078881048387,0.0,0.0068575302411635
10,SMOTE,augmented,0.3,MLP,0.4248361895161291,0.0,0.0075771399641215
10,SMOTE,augmented,0.5,GBC,0.5208385836693548,0.0,0.0090463215045468
10,SMOTE,augmented,0.5,LR,0.5252646169354839,0.0122699386503067,0.0118579807101054
10,SMOTE,augmented,0.5,RF,0.4188350554435483,0.0,0.0068781022162332
10,SMOTE,augmented,0.5,MLP,0.4383820564516129,0.0,0.0077293301668954
10,SMOTE,augmented,1.0,GBC,0.5324943296370968,0.0212765957446808,0.0105595396856961
10,SMOTE,augmented,1.0,LR,0.5297694052419355,0.0179372197309417,0.0123218229220544
10,SMOTE,augmented,1.0,RF,0.3639427923387097,0.0,0.0069063059988916
10,SMOTE,augmented,1.0,MLP,0.4089591733870967,0.0,0.0070258563003641
20,Baseline,real_only,0.0,GBC,0.5848091127525139,0.0769230769230769,0.0178204546101585
20,Baseline,real_only,0.0,LR,0.6054403607131204,0.0,0.0154525769770683
20,Baseline,real_only,0.0,RF,0.5824508320726173,0.0,0.0156973769743614
20,Baseline,real_only,0.0,MLP,0.5318738690635104,0.0,0.0108094962606449
20,GaussianCopula,augmented,0.1,GBC,0.6569814007297321,0.0689655172413793,0.017063340066541
20,GaussianCopula,augmented,0.1,LR,0.6367061196642045,0.0,0.0157411009517522
20,GaussianCopula,augmented,0.1,RF,0.5477885556643233,0.0,0.013159613502706
20,GaussianCopula,augmented,0.1,MLP,0.538399928806621,0.0,0.0114218120674767
20,GaussianCopula,augmented,0.2,GBC,0.5170270831479339,0.0,0.0092617952440432
20,GaussianCopula,augmented,0.2,LR,0.6607042211740974,0.0,0.0160772075180877
20,GaussianCopula,augmented,0.2,RF,0.5434427931535701,0.0,0.0129371586767729
20,GaussianCopula,augmented,0.2,MLP,0.5450446441814245,0.0,0.0119801833431414
20,GaussianCopula,augmented,0.3,GBC,0.603719854053573,0.1538461538461538,0.079723184737632
20,GaussianCopula,augmented,0.3,LR,0.6883509833585476,0.0,0.019873383732204
20,GaussianCopula,augmented,0.3,RF,0.5465723354394707,0.0,0.0159403165047999
20,GaussianCopula,augmented,0.3,MLP,0.5438580878644953,0.0,0.0119643195803598
20,GaussianCopula,augmented,0.5,GBC,0.5746195603808846,0.0,0.0104234731356303
20,GaussianCopula,augmented,0.5,LR,0.6641452344931922,0.0,0.0194692441648274
20,GaussianCopula,augmented,0.5,RF,0.5726469105039899,0.0,0.0123759234947653
20,GaussianCopula,augmented,0.5,MLP,0.5474770846311293,0.0,0.0127011001968652
20,GaussianCopula,augmented,1.0,GBC,0.5693542167245113,0.0,0.0104478998322638
20,GaussianCopula,augmented,1.0,LR,0.6352525881759663,0.0,0.0164248032289706
20,GaussianCopula,augmented,1.0,RF,0.6298240930260153,0.0,0.0173859408807435
20,GaussianCopula,augmented,1.0,MLP,0.5354632019222212,0.0,0.0126925561895737
20,CTGAN,augmented,0.1,GBC,0.5514075524309573,0.0,0.0104002804867853
20,CTGAN,augmented,0.1,LR,0.5438877517724185,0.0,0.0123096474455786
20,CTGAN,augmented,0.1,RF,0.5795289371421791,0.0,0.0147646539040344
20,CTGAN,augmented,0.1,MLP,0.5356411853697606,0.0,0.0114663680281823
20,CTGAN,augmented,0.2,GBC,0.5594909673400374,0.0,0.0121811685451487
20,CTGAN,augmented,0.2,LR,0.5012013882708908,0.0,0.0109697246852019
20,CTGAN,augmented,0.2,RF,0.5737889709590343,0.0,0.0133378273562374
20,CTGAN,augmented,0.2,MLP,0.5422265729287177,0.0,0.0118468298244567
20,CTGAN,augmented,0.3,GBC,0.6392720476995639,0.0,0.0348340840386381
20,CTGAN,augmented,0.3,LR,0.5076977841060781,0.0,0.011759809517824
20,CTGAN,augmented,0.3,RF,0.5595799590638071,0.0,0.0128969783449258
20,CTGAN,augmented,0.3,MLP,0.5388152235175463,0.0,0.0115621388001248
20,CTGAN,augmented,0.5,GBC,0.6070867076028595,0.0,0.0335277409365563
20,CTGAN,augmented,0.5,LR,0.5037228204443653,0.0,0.0110362112356754
20,CTGAN,augmented,0.5,RF,0.50716383376346,0.0,0.0147741298600183
20,CTGAN,augmented,0.5,MLP,0.5346326125003709,0.0,0.0119443212084959
20,CTGAN,augmented,1.0,GBC,0.5787576755361752,0.1,0.0851724198392763
20,CTGAN,augmented,1.0,LR,0.5026845836670523,0.0,0.0097352183824526
20,CTGAN,augmented,1.0,RF,0.6754620153659043,0.0,0.0190056501449339
20,CTGAN,augmented,1.0,MLP,0.5176945210762066,0.0,0.0113479852969304
20,SMOTE,augmented,0.1,GBC,0.5928925276615942,0.0,0.0168719008178593
20,SMOTE,augmented,0.1,LR,0.6644715374803477,0.1111111111111111,0.0787737459617867
20,SMOTE,augmented,0.1,RF,0.5553676841387084,0.0476190476190476,0.0153581276555351
20,SMOTE,augmented,0.1,MLP,0.6359348580582006,0.0,0.0305520556336149
20,SMOTE,augmented,0.2,GBC,0.6149921390644003,0.0,0.0159886667928441
20,SMOTE,augmented,0.2,LR,0.669039779300525,0.0909090909090909,0.0796077092042754
20,SMOTE,augmented,0.2,RF,0.642549909525081,0.037037037037037,0.0221920695323202
20,SMOTE,augmented,0.2,MLP,0.6429948681439293,0.0416666666666666,0.0210260290075382
20,SMOTE,augmented,0.3,GBC,0.5947761858147192,0.0,0.0146589108810316
20,SMOTE,augmented,0.3,LR,0.6640859066773457,0.0465116279069767,0.0788230839527553
20,SMOTE,augmented,0.3,RF,0.5719646406217556,0.0606060606060606,0.0210200636314749
20,SMOTE,augmented,0.3,MLP,0.6211325680045089,0.0266666666666666,0.0209450831188522
20,SMOTE,augmented,0.5,GBC,0.5940642520245618,0.0208333333333333,0.0145139443229709
20,SMOTE,augmented,0.5,LR,0.6625137195574146,0.0495867768595041,0.0787986213278953
20,SMOTE,augmented,0.5,RF,0.5239091097861233,0.0526315789473684,0.0177637701789769
20,SMOTE,augmented,0.5,MLP,0.5656610601880692,0.0115606936416184,0.0139492448929116
20,SMOTE,augmented,1.0,GBC,0.6184034884755718,0.0392156862745098,0.0177584633484751
20,SMOTE,augmented,1.0,LR,0.6588057310670108,0.041343669250646,0.0783873364422505
20,SMOTE,augmented,1.0,RF,0.5858176856219037,0.0444444444444444,0.0195250309282902
20,SMOTE,augmented,1.0,MLP,0.5705852689033253,0.0279720279720279,0.0129014390572971
30,Baseline,real_only,0.0,GBC,0.6265758951084216,0.0689655172413793,0.0185270176064782
30,Baseline,real_only,0.0,LR,0.6905609444988283,0.0,0.026496059354868
30,Baseline,real_only,0.0,RF,0.4561864079973896,0.0,0.0089467642727193
30,Baseline,real_only,0.0,MLP,0.540016611788437,0.0,0.0255720880944001
30,GaussianCopula,augmented,0.1,GBC,0.6099641066714129,0.0,0.0209828318570198
30,GaussianCopula,augmented,0.1,LR,0.6814541247663968,0.0,0.031125460049507
30,GaussianCopula,augmented,0.1,RF,0.4782563554922726,0.0,0.0092896817014464
30,GaussianCopula,augmented,0.1,MLP,0.4919017531369582,0.0,0.0242547262038786
30,GaussianCopula,augmented,0.2,GBC,0.639079232298063,0.0,0.0190837521212733
30,GaussianCopula,augmented,0.2,LR,0.6777164723680698,0.0,0.0308844467897491
30,GaussianCopula,augmented,0.2,RF,0.4753047966539112,0.0,0.0088555186202245
30,GaussianCopula,augmented,0.2,MLP,0.4817566966272136,0.0,0.0183844279453542
30,GaussianCopula,augmented,0.3,GBC,0.5796772566817953,0.0769230769230769,0.0213370046631262
30,GaussianCopula,augmented,0.3,LR,0.6880988401412002,0.0,0.0314160956029182
30,GaussianCopula,augmented,0.3,RF,0.5604402123935808,0.0,0.0104702127814461
30,GaussianCopula,augmented,0.3,MLP,0.4797692147963573,0.0,0.0180567499230611
30,GaussianCopula,augmented,0.5,GBC,0.6543858087864495,0.08,0.0463304409895469
30,GaussianCopula,augmented,0.5,LR,0.6767968912224497,0.0,0.0295590549406248
30,GaussianCopula,augmented,0.5,RF,0.4570763252350865,0.0,0.0094736842105263
30,GaussianCopula,augmented,0.5,MLP,0.4720565987363175,0.0,0.0220076119494932
30,GaussianCopula,augmented,1.0,GBC,0.618892942956305,0.074074074074074,0.0213290023894471
30,GaussianCopula,augmented,1.0,LR,0.6828186645308654,0.0,0.0279567175679904
30,GaussianCopula,augmented,1.0,RF,0.4878229657975142,0.0,0.0099558500938084
30,GaussianCopula,augmented,1.0,MLP,0.4613775918839548,0.0,0.0159214319602218
30,CTGAN,augmented,0.1,GBC,0.5973717777580019,0.08,0.0209752286630178
30,CTGAN,augmented,0.1,LR,0.6607190531280591,0.0,0.0192225984966764
30,CTGAN,augmented,0.1,RF,0.481741864673252,0.0,0.0095859073846689
30,CTGAN,augmented,0.1,MLP,0.4932662929014268,0.0,0.0221064166957487
30,CTGAN,augmented,0.2,GBC,0.5953694639731838,0.0769230769230769,0.0177780918149217
30,CTGAN,augmented,0.2,LR,0.6523834950016315,0.0,0.0160775444050634
30,CTGAN,augmented,0.2,RF,0.4557711132864644,0.0,0.0092204220934493
30,CTGAN,augmented,0.2,MLP,0.4886683871733262,0.0,0.0188032385140343
30,CTGAN,augmented,0.3,GBC,0.6279700987808134,0.1111111111111111,0.0758772608271129
30,CTGAN,augmented,0.3,LR,0.6466583607724482,0.0,0.0148177699631559
30,CTGAN,augmented,0.3,RF,0.490566877280413,0.0,0.0086931110289897
30,CTGAN,augmented,0.3,MLP,0.4890836818842515,0.0,0.0175441383335489
30,CTGAN,augmented,0.5,GBC,0.6090148616178694,0.1,0.0500513942082235
30,CTGAN,augmented,0.5,LR,0.6469253359437572,0.0,0.0155240219137615
30,CTGAN,augmented,0.5,RF,0.4713001690842752,0.0,0.0089838290208053
30,CTGAN,augmented,0.5,MLP,0.4844264483403043,0.0,0.017839068729738
30,CTGAN,augmented,1.0,GBC,0.6072795230043606,0.0,0.036668411825888
30,CTGAN,augmented,1.0,LR,0.6328053157722998,0.0,0.0154297906940367
30,CTGAN,augmented,1.0,RF,0.4922280561241138,0.0,0.0094133920774787
30,CTGAN,augmented,1.0,MLP,0.4817566966272136,0.0,0.0161824629161396
30,SMOTE,augmented,0.1,GBC,0.5527869241493875,0.0,0.0160176523174978
30,SMOTE,augmented,0.1,LR,0.555768146895672,0.0,0.0244813232679444
30,SMOTE,augmented,0.1,RF,0.5194298596897154,0.0444444444444444,0.0171716636333015
30,SMOTE,augmented,0.1,MLP,0.6587908991130491,0.0,0.017875957396983
30,SMOTE,augmented,0.2,GBC,0.5777639346207469,0.0784313725490196,0.0333210880135763
30,SMOTE,augmented,0.2,LR,0.5616712645723948,0.0689655172413793,0.0221691814703619
30,SMOTE,augmented,0.2,RF,0.5268310047165613,0.032258064516129,0.0156254693008659
30,SMOTE,augmented,0.2,MLP,0.5553528521847468,0.0266666666666666,0.0145710856245497
30,SMOTE,augmented,0.3,GBC,0.5732698525703777,0.0439560439560439,0.0477929519815975
30,SMOTE,augmented,0.3,LR,0.5734181721099938,0.0571428571428571,0.0209255360287201
30,SMOTE,augmented,0.3,RF,0.518717925899558,0.0533333333333333,0.0138876102231902
30,SMOTE,augmented,0.3,MLP,0.5250363382872059,0.0317460317460317,0.0124664342527569
30,SMOTE,augmented,0.5,GBC,0.5751980065853876,0.044776119402985,0.0482493986995704
30,SMOTE,augmented,0.5,LR,0.5866779389516775,0.0344827586206896,0.0202978478023874
30,SMOTE,augmented,0.5,RF,0.5576963009106819,0.0481927710843373,0.015118542732451
30,SMOTE,augmented,0.5,MLP,0.5152769125804634,0.03,0.0109206656862208
30,SMOTE,augmented,1.0,GBC,0.5583785707929163,0.0411522633744856,0.032332296466895
30,SMOTE,augmented,1.0,LR,0.5971196345406544,0.021551724137931,0.0192778217861094
30,SMOTE,augmented,1.0,RF,0.5352555545667586,0.043010752688172,0.0142451976335277
30,SMOTE,augmented,1.0,MLP,0.5697695114354365,0.0236220472440944,0.0150843604976019
40,Baseline,real_only,0.0,GBC,0.5681231645456972,0.0,0.0103694190337791
40,Baseline,real_only,0.0,LR,0.6789475245468838,0.0,0.0155661667038183
40,Baseline,real_only,0.0,RF,0.5234789831212364,0.0,0.0088227642074865
40,Baseline,real_only,0.0,MLP,0.5797514164516033,0.0,0.0140132354320555
40,GaussianCopula,augmented,0.1,GBC,0.5566432321794073,0.0,0.009916796113092
40,GaussianCopula,augmented,0.1,LR,0.6824182017739017,0.0,0.0165127560283119
40,GaussianCopula,augmented,0.1,RF,0.4735546260864406,0.0,0.0083273573562764
40,GaussianCopula,augmented,0.1,MLP,0.6200646673192727,0.0,0.0213436804989366
40,GaussianCopula,augmented,0.2,GBC,0.5683604758090831,0.0,0.0099924390724319
40,GaussianCopula,augmented,0.2,LR,0.670967933315535,0.0,0.016263553364478
40,GaussianCopula,augmented,0.2,RF,0.477470261932307,0.0,0.008801717405753
40,GaussianCopula,augmented,0.2,MLP,0.6245439174156804,0.0,0.0230227084858725
40,GaussianCopula,augmented,0.3,GBC,0.4995698733351131,0.0,0.0087258469078186
40,GaussianCopula,augmented,0.3,LR,0.6671709531013617,0.0,0.0161451962907768
40,GaussianCopula,augmented,0.3,RF,0.4767434961881878,0.0,0.008795006637998
40,GaussianCopula,augmented,0.3,MLP,0.6259974489039186,0.0,0.0207200155086493
40,GaussianCopula,augmented,0.5,GBC,0.5267716769007149,0.0,0.0088782218910361
40,GaussianCopula,augmented,0.5,LR,0.6533772359170598,0.0,0.0149312611841296
40,GaussianCopula,augmented,0.5,RF,0.4985464685117617,0.0,0.0086203794183523
40,GaussianCopula,augmented,0.5,MLP,0.6358162024265077,0.0,0.0219142728143342
40,GaussianCopula,augmented,1.0,GBC,0.5036041648126725,0.0,0.0086685305875647
40,GaussianCopula,augmented,1.0,LR,0.6358458663344309,0.0,0.0145158214429086
40,GaussianCopula,augmented,1.0,RF,0.4933849485331198,0.0,0.0084074160618177
40,GaussianCopula,augmented,1.0,MLP,0.6428762125122363,0.0,0.0267144011142425
40,CTGAN,augmented,0.1,GBC,0.5949690012162202,0.0,0.011839612605107
40,CTGAN,augmented,0.1,LR,0.6975764587226722,0.0,0.0147323100766473
40,CTGAN,augmented,0.1,RF,0.5038118121681351,0.0,0.0090020940976875
40,CTGAN,augmented,0.1,MLP,0.62748064430008,0.0,0.0269947334110884
40,CTGAN,augmented,0.2,GBC,0.6324196849692979,0.0,0.0125902947784145
40,CTGAN,augmented,0.2,LR,0.6685948206816766,0.0,0.0129729697007802
40,CTGAN,augmented,0.2,RF,0.4738957610275577,0.0,0.0088509127789046
40,CTGAN,augmented,0.2,MLP,0.6404437720625313,0.0,0.0239166496156729
40,CTGAN,augmented,0.3,GBC,0.707943994541841,0.0,0.0177255546827664
40,CTGAN,augmented,0.3,LR,0.6577378303817745,0.0,0.0126062279730877
40,CTGAN,augmented,0.3,RF,0.4939633947376227,0.0,0.0085967414177909
40,CTGAN,augmented,0.3,MLP,0.6618907774910266,0.0,0.0237222624021552
40,CTGAN,augmented,0.5,GBC,0.6854290884281096,0.0,0.0163178793665632
40,CTGAN,augmented,0.5,LR,0.645160333422325,0.0,0.0119286349288719
40,CTGAN,augmented,0.5,RF,0.5475957402628224,0.0,0.009572394862667
40,CTGAN,augmented,0.5,MLP,0.6879356886476224,0.0,0.0229268150120116
40,CTGAN,augmented,1.0,GBC,0.6381003233365964,0.0,0.0134725827420379
40,CTGAN,augmented,1.0,LR,0.6367951113879742,0.0,0.0116595163148934
40,CTGAN,augmented,1.0,RF,0.5088695084690458,0.0,0.0084938209936749
40,CTGAN,augmented,1.0,MLP,0.7407077808430482,0.0,0.0214775928671255
40,SMOTE,augmented,0.1,GBC,0.5347216042241405,0.0,0.0131455326685997
40,SMOTE,augmented,0.1,LR,0.449081902049776,0.0,0.009647857398424
40,SMOTE,augmented,0.1,RF,0.5297380676930379,0.0,0.0091482624833153
40,SMOTE,augmented,0.1,MLP,0.620746937201507,0.048780487804878,0.0148206211298261
40,SMOTE,augmented,0.2,GBC,0.5134674141971464,0.0689655172413793,0.0173688002511464
40,SMOTE,augmented,0.2,LR,0.4456112248227581,0.0,0.0096347147067604
40,SMOTE,augmented,0.2,RF,0.6141615496425499,0.0,0.0116796038016588
40,SMOTE,augmented,0.2,MLP,0.6145768443534751,0.0253164556962025,0.0149044545335132
40,SMOTE,augmented,0.3,GBC,0.5080240870932337,0.0519480519480519,0.0157419774395475
40,SMOTE,augmented,0.3,LR,0.4469757645872267,0.0,0.0096925530774374
40,SMOTE,augmented,0.3,RF,0.5778380943905551,0.0,0.0105120295815428
40,SMOTE,augmented,0.3,MLP,0.6290231675120881,0.019047619047619,0.0159850232180586
40,SMOTE,augmented,0.5,GBC,0.5092106434101629,0.0350877192982456,0.0162419809486212
40,SMOTE,augmented,0.5,LR,0.44700542849515,0.0114942528735632,0.0097688466839273
40,SMOTE,augmented,0.5,RF,0.5873305449259887,0.0,0.0107655593636904
40,SMOTE,augmented,0.5,MLP,0.5781199015158256,0.0231213872832369,0.0157464464396289
40,SMOTE,augmented,1.0,GBC,0.5094776185814719,0.0217391304347826,0.0151642839615233
40,SMOTE,augmented,1.0,LR,0.4501201388270891,0.027027027027027,0.0097915238416299
40,SMOTE,augmented,1.0,RF,0.5703182937320163,0.0,0.011105657994693
40,SMOTE,augmented,1.0,MLP,0.5767553617513571,0.0177777777777777,0.0116239069123827
50,Baseline,real_only,0.0,GBC,0.480703627895939,0.0,0.0080891844697219
50,Baseline,real_only,0.0,LR,0.5386372400700068,0.0,0.0097617746996471
50,Baseline,real_only,0.0,RF,0.4480140013645398,0.0,0.0087360223686642
50,Baseline,real_only,0.0,MLP,0.4537984634095696,0.0,0.0096402217903603
50,GaussianCopula,augmented,0.1,GBC,0.4983239892023375,0.0,0.0085036742304648
50,GaussianCopula,augmented,0.1,LR,0.5295600842454985,0.0,0.0097715347938107
50,GaussianCopula,augmented,0.1,RF,0.4740144166592507,0.0,0.0089597405105241
50,GaussianCopula,augmented,0.1,MLP,0.4830174127139509,0.0,0.0084634906876664
50,GaussianCopula,augmented,0.2,GBC,0.5091809795022396,0.0,0.0085698023982502
50,GaussianCopula,augmented,0.2,LR,0.512977959716413,0.0,0.0093288447848224
50,GaussianCopula,augmented,0.2,RF,0.4726498768947821,0.0,0.008539130599202
50,GaussianCopula,augmented,0.2,MLP,0.491293643024532,0.0,0.0086740687538625
50,GaussianCopula,augmented,0.3,GBC,0.4137818516211325,0.0,0.0071199892724417
50,GaussianCopula,augmented,0.3,LR,0.5071341698555367,0.0,0.0090685899966686
50,GaussianCopula,augmented,0.3,RF,0.4746373587256385,0.0,0.0088988951273193
50,GaussianCopula,augmented,0.3,MLP,0.4898401115362938,0.0,0.0085883368725526
50,GaussianCopula,augmented,0.5,GBC,0.4448992910326006,0.0,0.0075936919877545
50,GaussianCopula,augmented,0.5,LR,0.5108124944380172,0.0,0.0089751599629359
50,GaussianCopula,augmented,0.5,RF,0.4419329002402777,0.0,0.0086099483081216
50,GaussianCopula,augmented,0.5,MLP,0.4921538963543057,0.0,0.0087554820464362
50,GaussianCopula,augmented,1.0,GBC,0.4993473940256889,0.0,0.008384704983251
50,GaussianCopula,augmented,1.0,LR,0.5218178042775355,0.0,0.0089404925584895
50,GaussianCopula,augmented,1.0,RF,0.4913529708403785,0.0,0.0092021589367512
50,GaussianCopula,augmented,1.0,MLP,0.4994808816113434,0.0,0.0088342930984815
50,CTGAN,augmented,0.1,GBC,0.4248613212304589,0.0,0.0071813680945734
50,CTGAN,augmented,0.1,LR,0.4991842425321112,0.0,0.0087182965848651
50,CTGAN,augmented,0.1,RF,0.493607427842544,0.0,0.0093142074439838
50,CTGAN,augmented,0.1,MLP,0.4766693364183797,0.0,0.0082472129836773
50,CTGAN,augmented,0.2,GBC,0.4486962712467741,0.0,0.0077499575006226
50,CTGAN,augmented,0.2,LR,0.5113167808727122,0.0,0.0088800170085457
50,CTGAN,augmented,0.2,RF,0.463795200379698,0.0,0.0088231408061722
50,CTGAN,augmented,0.2,MLP,0.4785678265254665,0.0,0.0082968919244404
50,CTGAN,augmented,0.3,GBC,0.3925721574560232,0.0,0.0067831341642088
50,CTGAN,augmented,0.3,LR,0.4852718697161164,0.0,0.0085065825310184
50,CTGAN,augmented,0.3,RF,0.4329299041855773,0.0,0.0090736127997934
50,CTGAN,augmented,0.3,MLP,0.4767879920500726,0.0,0.0082664393530469
50,CTGAN,augmented,0.5,GBC,0.4857613241968497,0.0,0.0081875067141556
50,CTGAN,augmented,0.5,LR,0.4855388448874255,0.0,0.0085700916536227
50,CTGAN,augmented,0.5,RF,0.4011450268458367,0.0,0.0089643201542912
50,CTGAN,augmented,0.5,MLP,0.4769363115896888,0.0,0.0082986781203125
50,CTGAN,augmented,1.0,GBC,0.4303046483343715,0.0,0.0073401221961042
50,CTGAN,augmented,1.0,LR,0.5162113256800451,0.0,0.0093093035986844
50,CTGAN,augmented,1.0,RF,0.530079202634155,0.0,0.0097808996820995
50,CTGAN,augmented,1.0,MLP,0.474385215508291,0.0,0.0080450486039425
50,SMOTE,augmented,0.1,GBC,0.4795912313488179,0.0,0.009166480471764
50,SMOTE,augmented,0.1,LR,0.4834920352407226,0.0,0.0095678592595995
50,SMOTE,augmented,0.1,RF,0.5511405772596483,0.054054054054054,0.0242460619997375
50,SMOTE,augmented,0.1,MLP,0.4780932039986947,0.0,0.0094969643352129
50,SMOTE,augmented,0.2,GBC,0.4696389902405743,0.0,0.0099219848152199
50,SMOTE,augmented,0.2,LR,0.4780338761828483,0.0,0.0097549727271524
50,SMOTE,augmented,0.2,RF,0.4862359467236213,0.0357142857142857,0.0204338500340865
50,SMOTE,augmented,0.2,MLP,0.4824537984634095,0.0,0.0098935478612896
50,SMOTE,augmented,0.3,GBC,0.4849900625908457,0.0,0.0104718031695712
50,SMOTE,augmented,0.3,LR,0.476699000326303,0.0,0.0097587285139437
50,SMOTE,augmented,0.3,RF,0.4733766426389013,0.0333333333333333,0.0278650065523159
50,SMOTE,augmented,0.3,MLP,0.4714188247159681,0.036697247706422,0.0125965650835665
50,SMOTE,augmented,0.5,GBC,0.4851235501765002,0.014388489208633,0.0105471273597557
50,SMOTE,augmented,0.5,LR,0.4757200913648364,0.0181818181818181,0.0099090876485541
50,SMOTE,augmented,0.5,RF,0.4999258402301918,0.0298507462686567,0.0200837644733936
50,SMOTE,augmented,0.5,MLP,0.4828394292664115,0.0342857142857142,0.0118279708239041
50,SMOTE,augmented,1.0,GBC,0.469223695529649,0.0361990950226244,0.0104013363041942
50,SMOTE,augmented,1.0,LR,0.4744148794162142,0.0245398773006134,0.0100760068978649
50,SMOTE,augmented,1.0,RF,0.5110201417934799,0.0235294117647058,0.0201111271951565
50,SMOTE,augmented,1.0,MLP,0.4796950550265492,0.0265486725663716,0.0125852070050739
