minority_count,positive_rate_pct,seed,method,auc_roc,f1_minority,avg_precision
16,0.16,42,Baseline,0.7328847417560139,0.0546448087431694,0.3588005838195938
16,0.16,42,GaussianCopula,0.728753203649391,0.0386740331491712,0.2889660716707558
16,0.16,42,CTGAN,0.7725529926360428,0.0,0.3399400852864951
16,0.16,42,SMOTE,0.7503105509900527,0.12531328320802,0.3305398478464181
16,0.16,123,Baseline,0.6529760733233743,0.0056657223796034,0.2217960364683445
16,0.16,123,GaussianCopula,0.7303035387218098,0.0056022408963585,0.3245506619782151
16,0.16,123,CTGAN,0.6538294835765579,0.0112994350282485,0.1943718184105698
16,0.16,123,SMOTE,0.6774560953496401,0.0952380952380952,0.2612599251426695
16,0.16,7,Baseline,0.6488520637256008,0.0223463687150838,0.2889477011294646
16,0.16,7,GaussianCopula,0.6483610973984699,0.0279329608938547,0.2349726881318141
16,0.16,7,CTGAN,0.6796318344072213,0.0111731843575419,0.2539320227968914
16,0.16,7,SMOTE,0.7528110914294379,0.0808080808080808,0.30542349226131
16,0.16,2024,Baseline,0.7430826447436489,0.0275482093663911,0.281591157453375
16,0.16,2024,GaussianCopula,0.5219181780148183,0.0224089635854341,0.1498643786243224
16,0.16,2024,CTGAN,0.7280557410795236,0.0055710306406685,0.2785108089757485
16,0.16,2024,SMOTE,0.7842662769050085,0.1280788177339901,0.3465527695635025
16,0.16,999,Baseline,0.6771974372955876,0.0274725274725274,0.2268610037782346
16,0.16,999,GaussianCopula,0.6269672262499744,0.0056022408963585,0.1845490258033716
16,0.16,999,CTGAN,0.7535311395258545,0.0056022408963585,0.2940498590970432
16,0.16,999,SMOTE,0.7557015010771146,0.1259445843828715,0.3077278714700385
64,0.64,42,Baseline,0.8248261183331022,0.0276243093922651,0.3718321908004386
64,0.64,42,GaussianCopula,0.8154187087746922,0.043360433604336,0.363488704987471
64,0.64,42,CTGAN,0.8305278882855327,0.0169014084507042,0.3882802512796708
64,0.64,42,SMOTE,0.8169701193483753,0.3123809523809523,0.3485206945415192
64,0.64,123,Baseline,0.8312576158933276,0.0381471389645776,0.4128652265062825
64,0.64,123,GaussianCopula,0.8061753131590805,0.0277008310249307,0.4120925841844446
64,0.64,123,CTGAN,0.8194948585662062,0.0278551532033426,0.4119746002980806
64,0.64,123,SMOTE,0.8247051244408737,0.314018691588785,0.3674455561494351
64,0.64,7,Baseline,0.8406354491669704,0.0489130434782608,0.4083704332497748
64,0.64,7,GaussianCopula,0.8107171549980157,0.0437158469945355,0.3511628553469597
64,0.64,7,CTGAN,0.8206252103949347,0.0445682451253481,0.4046420569225318
64,0.64,7,SMOTE,0.7968824444853134,0.2469635627530364,0.3375051865805514
64,0.64,2024,Baseline,0.8423514114340842,0.0165289256198347,0.3965871512698261
64,0.64,2024,GaussianCopula,0.7787080863713556,0.011049723756906,0.3257277804408177
64,0.64,2024,CTGAN,0.8020921726093488,0.0113314447592068,0.3674873657392974
64,0.64,2024,SMOTE,0.7941506712741141,0.3137996219281663,0.3539458316901162
64,0.64,999,Baseline,0.8303848466173873,0.08,0.4383000724112425
64,0.64,999,GaussianCopula,0.8140555109222531,0.0383561643835616,0.409580851607422
64,0.64,999,CTGAN,0.8327358923810415,0.0278551532033426,0.4372837978331585
64,0.64,999,SMOTE,0.8260419725123387,0.318007662835249,0.3886897659232388
256,2.56,42,Baseline,0.8903945906588412,0.0846560846560846,0.5113115637749922
256,2.56,42,GaussianCopula,0.8702353949617068,0.08130081300813,0.4933523588115253
256,2.56,42,CTGAN,0.8658107827605751,0.0789473684210526,0.4463631324457808
256,2.56,42,SMOTE,0.8680886944382604,0.4671532846715328,0.4205496948714499
256,2.56,123,Baseline,0.8936243209553894,0.1038961038961039,0.4977492411040086
256,2.56,123,GaussianCopula,0.8835205243283764,0.075268817204301,0.5120251181786085
256,2.56,123,CTGAN,0.8481150227092091,0.065040650406504,0.4126536620964314
256,2.56,123,SMOTE,0.8645578237877221,0.4680272108843537,0.4250725982726306
256,2.56,7,Baseline,0.8991706809751355,0.1253263707571801,0.5331459799191525
256,2.56,7,GaussianCopula,0.8733930666735499,0.0756756756756756,0.4960080753165458
256,2.56,7,CTGAN,0.8665292176050953,0.1188630490956072,0.4553097304766241
256,2.56,7,SMOTE,0.8627251696334368,0.4684431977559607,0.4133752248974219
256,2.56,2024,Baseline,0.8962297227680391,0.1822660098522167,0.5225608077312792
256,2.56,2024,GaussianCopula,0.8845422505294155,0.0599455040871934,0.5037201136097987
256,2.56,2024,CTGAN,0.8410882351992206,0.0909090909090909,0.4538732423677921
256,2.56,2024,SMOTE,0.8561656874227657,0.4753867791842475,0.4194682469821409
256,2.56,999,Baseline,0.8970648494997305,0.1243523316062176,0.5463424057629229
256,2.56,999,GaussianCopula,0.8837571346065117,0.0333333333333333,0.5111724589623837
256,2.56,999,CTGAN,0.8809882566016956,0.1381074168797953,0.4953424433590702
256,2.56,999,SMOTE,0.8441555648048664,0.4152671755725191,0.4086711853066336
1024,10.24,42,Baseline,0.9168443932505842,0.4208566108007449,0.5589459105742713
1024,10.24,42,GaussianCopula,0.9037082208090136,0.28,0.549411865590629
1024,10.24,42,CTGAN,0.8988975036540154,0.2657657657657657,0.511088115380392
1024,10.24,42,SMOTE,0.8875789283490302,0.5302857142857142,0.4520806624087378
1024,10.24,123,Baseline,0.9100020542074146,0.4200743494423792,0.5442923090730746
1024,10.24,123,GaussianCopula,0.9065287228745136,0.2882096069868995,0.5280732571514963
1024,10.24,123,CTGAN,0.8716045080710992,0.3855421686746988,0.4955221084759802
1024,10.24,123,SMOTE,0.8844653521890217,0.5161290322580645,0.4539748681695227
1024,10.24,7,Baseline,0.9146820979588062,0.4264150943396226,0.5637254248760338
1024,10.24,7,GaussianCopula,0.9004731130061442,0.3861788617886179,0.5373480135938647
1024,10.24,7,CTGAN,0.9011409992912446,0.3374485596707819,0.530900743094
1024,10.24,7,SMOTE,0.8893642604476881,0.5399325084364455,0.463551736938412
1024,10.24,2024,Baseline,0.9154666761310778,0.4528985507246377,0.5520296038799932
1024,10.24,2024,GaussianCopula,0.9049687082907164,0.35,0.543156871983543
1024,10.24,2024,CTGAN,0.8891260369176563,0.3076923076923077,0.5189469888895953
1024,10.24,2024,SMOTE,0.8854316900749517,0.5342312008978676,0.4661485056554745
1024,10.24,999,Baseline,0.9115039917229422,0.4727272727272727,0.5694583926310026
1024,10.24,999,GaussianCopula,0.9066588585274882,0.3617463617463617,0.5540647058261176
1024,10.24,999,CTGAN,0.8956236778056333,0.3905325443786982,0.5374976531263648
1024,10.24,999,SMOTE,0.890910831265682,0.5267958950969214,0.4765547955662519
512,5.12,42,Baseline,0.9056484250897235,0.2179176755447942,0.5421563351942013
512,5.12,42,GaussianCopula,0.9021272339505634,0.109375,0.5247881963305139
512,5.12,42,CTGAN,0.8684737238908623,0.21100917431192662,0.45617826039572706
512,5.12,42,SMOTE,0.8719906130249655,0.4804045512010114,0.42757961718747894
512,5.12,123,Baseline,0.9102720050247419,0.2678983833718245,0.5494194765138347
512,5.12,123,GaussianCopula,0.896109266626443,0.16243654822335024,0.5507248233718439
512,5.12,123,CTGAN,0.8799218970981901,0.14795918367346939,0.4891541796424825
512,5.12,123,SMOTE,0.8743158467582779,0.47655259822560203,0.43008425685590174
512,5.12,7,Baseline,0.9098998815873107,0.26146788990825687,0.5399190977254864
512,5.12,7,GaussianCopula,0.8959737534671471,0.19753086419753085,0.5281563560918645
512,5.12,7,CTGAN,0.8828370432749444,0.2825112107623318,0.5058626968284641
512,5.12,7,SMOTE,0.8840975307566474,0.493116395494368,0.44975506960774353
512,5.12,2024,Baseline,0.9037765151392936,0.2602739726027397,0.531552183524523
512,5.12,2024,GaussianCopula,0.8867255180958465,0.2048780487804878,0.5284252833019792
512,5.12,2024,CTGAN,0.8814770719262981,0.2048780487804878,0.500931072198802
512,5.12,2024,SMOTE,0.8709376972872631,0.4911392405063291,0.43601789933697316
512,5.12,999,Baseline,0.9051117499588621,0.32962138084632514,0.5550369143328849
512,5.12,999,GaussianCopula,0.8885366622248464,0.19559902200489,0.5320049807338596
512,5.12,999,CTGAN,0.8783430612422686,0.2974828375286041,0.5320974845403077
512,5.12,999,SMOTE,0.8712544324095852,0.48124191461837,0.43520123503484287
