seed,method,alpha,auc_roc,f1_minority,avg_precision,precision,recall,accuracy
42,Baseline,0,0.7476691729323308,0.0,0.014740235325735353,0.0,0.0,0.996
42,ADASYN,0.1,0.9297243107769424,0.2222222222222222,0.08226233825734867,0.25,0.2,0.9965
42,ADASYN,0.2,0.9317293233082707,0.16666666666666666,0.06637243673118112,0.14285714285714285,0.2,0.995
42,ADASYN,0.3,0.9478696741854638,0.14285714285714285,0.08745730003770516,0.1111111111111111,0.2,0.994
42,ADASYN,0.5,0.9349373433583961,0.11764705882352941,0.06710415493574855,0.08333333333333333,0.2,0.9925
42,ADASYN,1.0,0.9225062656641604,0.1111111111111111,0.055299421355073305,0.07692307692307693,0.2,0.992
42,BorderlineSMOTE,0.1,0.7865664160401002,0.2222222222222222,0.1063809226548555,0.25,0.2,0.9965
42,BorderlineSMOTE,0.2,0.809874686716792,0.2,0.10824699204147621,0.2,0.2,0.996
42,BorderlineSMOTE,0.3,0.8873684210526315,0.2222222222222222,0.2095778076745589,0.25,0.2,0.9965
42,BorderlineSMOTE,0.5,0.8910776942355889,0.2222222222222222,0.2101260204347899,0.25,0.2,0.9965
42,BorderlineSMOTE,1.0,0.8878696741854638,0.2,0.210108377014281,0.2,0.2,0.996
42,RandomUnderSampler,1:1,0.8366416040100251,0.02373887240356083,0.01498492995539588,0.012048192771084338,0.8,0.8355
123,Baseline,0,0.9790203945168839,0.4,0.3814922060476096,0.5,0.3333333333333333,0.997
123,ADASYN,0.1,0.9768472082915414,0.2857142857142857,0.30223004199612385,0.25,0.3333333333333333,0.995
123,ADASYN,0.2,0.98378468739552,0.2608695652173913,0.32035014160138287,0.17647058823529413,0.5,0.9915
123,ADASYN,0.3,0.9756770310932797,0.24,0.27428407198826155,0.15789473684210525,0.5,0.9905
123,ADASYN,0.5,0.9824473420260782,0.2222222222222222,0.28292365140769393,0.14285714285714285,0.5,0.9895
123,ADASYN,1.0,0.9664827816783683,0.1875,0.1541224887096614,0.11538461538461539,0.5,0.987
123,BorderlineSMOTE,0.1,0.9779338014042127,0.3333333333333333,0.29316188197767146,0.3333333333333333,0.3333333333333333,0.996
123,BorderlineSMOTE,0.2,0.9652290203945169,0.3333333333333333,0.237535156707896,0.3333333333333333,0.3333333333333333,0.996
123,BorderlineSMOTE,0.3,0.9785188900033434,0.3333333333333333,0.4243813416497828,0.3333333333333333,0.3333333333333333,0.996
123,BorderlineSMOTE,0.5,0.9635573386827146,0.4,0.4294633863268077,0.3333333333333333,0.5,0.9955
123,BorderlineSMOTE,1.0,0.9630558341691743,0.3157894736842105,0.4284222071697824,0.23076923076923078,0.5,0.9935
123,RandomUnderSampler,1:1,0.9465897693079237,0.05194805194805195,0.0273972602739726,0.02666666666666667,1.0,0.8905
7,Baseline,0,0.9653543965229021,0.3076923076923077,0.2866824906119212,0.2857142857142857,0.3333333333333333,0.9955
7,ADASYN,0.1,0.9872952189903041,0.375,0.38301735193683467,0.3,0.5,0.995
7,ADASYN,0.2,0.9826980942828485,0.3,0.2363816738816739,0.21428571428571427,0.5,0.993
7,ADASYN,0.3,0.9822801738548981,0.2608695652173913,0.44065960317112085,0.17647058823529413,0.5,0.9915
7,ADASYN,0.5,0.9843697759946506,0.25,0.4961269948592464,0.16666666666666666,0.5,0.991
7,ADASYN,1.0,0.9867937144767636,0.17647058823529413,0.5497583913290401,0.10714285714285714,0.5,0.986
7,BorderlineSMOTE,0.1,0.9817786693413574,0.46153846153846156,0.3000198401451165,0.42857142857142855,0.5,0.9965
7,BorderlineSMOTE,0.2,0.9810264125710464,0.42857142857142855,0.2592196851858295,0.375,0.5,0.996
7,BorderlineSMOTE,0.3,0.9828652624540288,0.46153846153846156,0.35135658914728674,0.42857142857142855,0.5,0.9965
7,BorderlineSMOTE,0.5,0.9841190237378803,0.5714285714285714,0.3096452328159645,0.5,0.6666666666666666,0.997
7,BorderlineSMOTE,1.0,0.9750919424941491,0.6153846153846154,0.47498346560846555,0.5714285714285714,0.6666666666666666,0.9975
7,RandomUnderSampler,1:1,0.9465897693079238,0.031331592689295036,0.028037383177570093,0.015915119363395226,1.0,0.8145
2024,Baseline,0,0.5670175438596491,0.2857142857142857,0.10806457983833018,0.5,0.2,0.9975
2024,ADASYN,0.1,0.9798496240601504,0.0,0.06931368373228838,0.0,0.0,0.9945
2024,ADASYN,0.2,0.9701253132832081,0.13333333333333333,0.06901543729901938,0.1,0.2,0.9935
2024,ADASYN,0.3,0.9715288220551379,0.10526315789473684,0.10780940283367467,0.07142857142857142,0.2,0.9915
2024,ADASYN,0.5,0.959799498746867,0.11764705882352941,0.06677404295051355,0.08333333333333333,0.2,0.9925
2024,ADASYN,1.0,0.9616040100250627,0.1111111111111111,0.0963450527966657,0.07692307692307693,0.2,0.992
2024,BorderlineSMOTE,0.1,0.9879699248120302,0.16666666666666666,0.13804822417725643,0.14285714285714285,0.2,0.995
2024,BorderlineSMOTE,0.2,0.9774436090225563,0.15384615384615385,0.11284394785704371,0.125,0.2,0.9945
2024,BorderlineSMOTE,0.3,0.9786466165413534,0.14285714285714285,0.10504111219301095,0.1111111111111111,0.2,0.994
2024,BorderlineSMOTE,0.5,0.9706265664160401,0.0,0.07429433311786253,0.0,0.0,0.9935
2024,BorderlineSMOTE,1.0,0.9721303258145363,0.0,0.07361186295274977,0.0,0.0,0.994
2024,RandomUnderSampler,1:1,0.9350877192982456,0.02544529262086514,0.01893939393939394,0.01288659793814433,1.0,0.8085
999,Baseline,0,0.9691389028405603,0.3,0.2887628188829562,0.2727272727272727,0.3333333333333333,0.993
999,ADASYN,0.1,0.9718734304369663,0.24,0.22986850521834223,0.1875,0.3333333333333333,0.9905
999,ADASYN,0.2,0.9548523913164797,0.24,0.19557785421464574,0.1875,0.3333333333333333,0.9905
999,ADASYN,0.3,0.9588704726826274,0.23076923076923078,0.22134878213904768,0.17647058823529413,0.3333333333333333,0.99
999,ADASYN,0.5,0.9678553490708186,0.2,0.21191583249706594,0.14285714285714285,0.3333333333333333,0.988
999,ADASYN,1.0,0.9657905017021038,0.17142857142857143,0.20967045483451488,0.11538461538461539,0.3333333333333333,0.9855
999,BorderlineSMOTE,0.1,0.973101177521067,0.3333333333333333,0.2524468339307049,0.26666666666666666,0.4444444444444444,0.992
999,BorderlineSMOTE,0.2,0.9683018025559462,0.2857142857142857,0.23518288872856624,0.21052631578947367,0.4444444444444444,0.99
999,BorderlineSMOTE,0.3,0.9678553490708186,0.14814814814814814,0.16903910758236737,0.1111111111111111,0.2222222222222222,0.9885
999,BorderlineSMOTE,0.5,0.9556336849154529,0.125,0.19224816319236984,0.08695652173913043,0.2222222222222222,0.986
999,BorderlineSMOTE,1.0,0.9589820860539093,0.24242424242424243,0.23242494887158258,0.16666666666666666,0.4444444444444444,0.9875
999,RandomUnderSampler,1:1,0.9251632345554998,0.028938906752411574,0.03,0.01468189233278956,1.0,0.698
